Name,Form,Level,HP,MP,Strength,Magick Power,Vitality,Speed,Attack Power,Defense,Magick Resist,Evade,EXP,LP,CP,Gil
Cactoid ,A,4-8,100-136,385-394,9,9,24-27,14,12-15,5-8,11,0,31-40,1,33-60,0
Cactoid ,B,26-27,1759-1771,999,28,21,43-44,20,41-420,17-18,25,7,809-812,1,180-189,0
Cactoid ,C,4-6,224-248,112-118,13,7,15-17,12,13-15,5-7,7,0,31-37,1,30-48,0
Cactite ,Dalmasca Esterand,1-4,72-84,50-53,8,5,12-13,9,7-8,3-4,8,0,7-10,1,13-22,0
Cactite ,Dalmasca Westersand,2-3,145-157,80-83,11,6,14-15,11,11-12,4-5,7,0,13-16,1,25-34,0
Ichthon,A,9-10,387-398,210-214,12-13,7,24-25,15-17,13-14,5,7,3-4,184-188,1,50-59,0
Ichthon,B,26-28,2765-2787,840-848,30-32,18,41-43,20-24,41-43,18,22,5-7,1481-1489,1,198-216,0
Ichthon,C,18-21,1293-1326,490-502,21-24,16,32-35,19-25,25-28,13,13,4-7,777-789,1,116-143,0
Ichthon,D,3-4,130-141,140-144,9-10,5,21-22,12-14,11-12,4,6,0-1,17-21,1,33-42,0
Wolf,Dalmasca Esterand,2-7,94-134,30-40,8-10,2,12,10,8-10,4,7,0,9-13,1,15-47,0
Wolf,Dalmasca Westersand,3-9,135-155,60-65,11-12,5,15,10,11-12,5,7,0,16-18,1,26-42,0
Wolf,Alpha (Dalmasca Estersand),5-10,113-153,33-43,11-13,5,24,12,11-13,6,8,0,22-26,1,33-65,0
Wolf,Alpha (Dalmasca Westersand),8-14,535-575,66-76,16-18,13,31,16,17-19,9,9,3,252-256,1,66-98,0
Wild Saurian,The Stepping,29-30,6001-6111,165-215,29-31,12-13,43-46,20-21,39-42,16-18,8-9,0,2753-2766,2,413-517,0
Wild Saurian,The Yoma/Broken Sands,29-30,7226-7566,180-270,32-35,12-14,45-50,20-22,44-47,18-20,19-21,0,3366-3492,2,450-729,0
Cockatrice,Dalmasca Esterand,3-8,136-152,40-44,10,3,10-11,10-11,11-12,5,8,0-2,11-15,1,18-31,0
Cockatrice,Westersand,9-11,585-617,300-308,14,14,21-23,15-17,17-19,6,10,3-7,202-210,1,66-92,0
Gnoma Entite,,45,48042,999,30,33,38,25,66,48,52,2,12627,7,1320,0
Dive Talon,Dalmasca Esterand,27-28,4022-4090,480-489,32-33,16,45-46,17-19,42-44,17-18,22,5-7,1952-2044,2,261-311,0
Dive Talon,Dalmasca Westersand,27-28,4022-4090,480-489,32-33,16,45-46,17-19,42-44,17-18,22,5-7,1952-2044,2,261-311,0
Hyena,The Dry,2-3,95-115,30-35,9-10,3,12,10,9-10,4,7,0,9-11,1,14-30,0
Hyena,The Dry,2-3,95-115,30-35,8-9,3,12,10,9-10,4,7,0,9-11,1,24-40,0
Hyena,The Rains,18-19,940-960,105-110,20-21,15,34,17,22-23,13,13,4,442-444,1,105-121,0
Hyena,The Rains (Starfall Fields),18-19,940-960,105-110,21-22,15,34,17,24-25,13,13,4,495-497,1,105-121,0
Hyena,Alpha,3-5,180-220,60-70,11-13,4,14,11,12-14,5,7,0,28-32,1,18-50,0
Wooly Gator,,21-22,2233-2253,175-180,24-25,11,34,16,27-28,13,12,0,1131-1133,1,189-205,0
Bunny,"Giza (Throne Road, Gizas North Bank, Warrior's Wash)",1-2,85-105,60-65,8-9,6,10,10,8-9,4,8,0,7-9,1,13-29,0
Bunny,"Giza (Gizas South Bank, Starfall Field)",1-2,70-90,60-65,8-9,6,10,10,8-9,4,8,0,7-9,1,23-39,0
Bunny,Ozmone Hare,19-20,823-843,875-880,18-19,18,24,19,22-23,13,16,5,339-341,1,84-100,0
Great Tortoise,,20-21,3818-3838,999,23-24,17,36,12,25-26,17,16,0,1201-1203,2,179-195,0
Sleipnir,Giza Plains,4-6,280-320,120-130,13-15,6,15,10,14-16,6,8,0,30-34,1,28-60,0
Sleipnir,Dalmasca Westersand,9-11,724-764,120-130,16-18,10,26,14,18-20,9,9,0,275-279,1,72-104,0
Silicon Tortoise,Giza Plains,36-37,12852-13172,999,32-35,22,50-51,14-16,51-53,25-26,26-28,0,3165-3339,2,383-610,0
Silicon Tortoise,Zertinan Caverns ,37-38,13923-14243,999,32-36,22,57-58,15-17,53-55,26-27,27-29,0,3436-3610,2,434-661,0
Wildsnake,,3-5,210-250,40-50,11-13,3,10,11,12-14,5,7,0,16-20,1,27-59,0
Werewolf,,19-21,2576-2570,210-214,25-27,11,32-36,15,27-31,14,13,0-2,1201-1211,2,189-219,0
Urstrix,Giza Plains, 3-4,170-190,60-65,11-12,4,12,11,11-12,4,9,0,24-26,1,25-41,0
Urstrix,Dalmasca Westersand,10-11,641-661,160-165,14-15,9,24,13,18-19,8,7,2,263-265,1,69-85,0
Storm Elemental,,25,14830,999,25,28,34,20,45,42,44,3,5583,4,675,0
Slaven,Giza Plains,4-5,280-302,80-82,13-14,5,14-16,9,13-15,5,8,0,26-31,1,26-41,0
Slaven,Lhusu Mines,10-11,780-802,80-82,15-16,7,29-31,11,18-20,6,5,0,263-268,1,69-84,0
Mardu Entite,,45,48042,999,30,33,38,25,66,48,52,2,12627,7,1320,0
Rat,Dire (A),1,62-66,10,7-8,3,10,9-12,7,3,7,0,3,1,0,0
Rat,Dire (B),2-4,77-97,20-25,7-8,1,12,13,9-10,3,5,0,12-14,1,27-43,0
Rat,Dire ( C ),2-4,92-112,22-27,9-10,2,14,15,10-11,6,7,0,16-18,1,30-46,0
Rat,Dire (D),4-5,212-232,26-31,10-11,1,14,17,12-13,7,7,0,54-56,1,37-53,0
Rat,Lab,36-37,3627-3647,180-185,29-30,15,38,24,52-53,22,23,8,1023-1025,1,243-259,0
Baritine Croc,Garamsythe Waterway ,40-42,10745-10965,475-505,34-38,17,55-57,18-20,60-62,25,24,0-2,3366-3552,1,513-675,0
Baritine Croc,Paramina Rift,26-28,4448-4668,250-280,29-33,12,40-42,16-18,36-38,15,14,0,1562-1748,1,270-432,0
Gigantoad,Giza Plains,19-20,1469-1489,455-460,22-23,16,32,15,25-26,15,15,2,848-850,1,126-142,0
Gigantoad,Garamsythe Waterway ,5-6,341-361,156-161,12-13,6,21,10,14-15,6,8,0,131-133,1,46-62,0
Malboro Overking,Garamsythe Waterway ,38-39,6503-6743,999,30-32,21-24,50-55,20-21,58-61,24-27,28-30,0,2903-3087,1,314-509,0
Malboro Overking,Tchita Uplands,36-38,4775-5255,999,30-34,20-26,43-53,18-20,52-58,20-26,26-30,0,2568-2936,1,248-638,0
Garchimacera,A,4-6,287-317,180-240,10-12,6-10,17,12,12,6,8-12,0-2,125-137,1,44-102,0
Garchimacera,B,37-40,5938-5983,999,31-34,22-28,48,21,57,27,27-33,7-10,2419-2437,1,328-415,0
Gespenst,,41-42,7917-8097,999,33-35,24-26,46,19,58-61,24-26,25-26,4,2734-2894,1,371-514,0
Ghost,A,5-7,328-340,240-280,11-13,6-8,14,10,14-16,3,8,0-2,136-142,1,48-80,0
Ghost,B,38-40,6786-6798,999,32-34,22-24,44,19,58-60,24,27,1,2629-2635,1,356-388,0
Water ,Elemental,25,14830,999,25,28,38,20,45,42,44,3,5583,4,675,0
Water ,Chaosjet,45,4079,999,25,20,49,15,45,32,34,0,1675,1,203,0
Steeling,A,2-3,94-110,50-54,8,2,17-18,13-14,11-12,4,7,0-2,18-22,1,32-45,0
Steeling,B,4-5,218-234,60-64,9,3,17-18,15-16,13-14,4,7,0-2,57-61,1,40-53,0
Steeling,C,6-7,282-298,75-79,11,4,21-22,16-17,13-14,5,8,3-5,88-92,1,47-60,0
Steeling,D,7-8,446-462,100-104,13,10,23-24,17-18,17-18,7,8,3-5,120-124,1,63-76,0
Suriander,A,8-9,410-430,195-200,13-14,7,24,11,13-14,7,9,2,200-202,1,54-70,0
Suriander,B,38-39,7069-7089,999,32-33,22,53,19,57-58,27,27,4,2525-2527,1,342-358,0
Mimic,,7-8,334-340,105-108,15-16,3,21,14,18-19,10-11,5,0,135-138,1,41-46,0
Zombie ,Male (Barheim Passage),7-8,280-286,210-230,12-13,6-7,17,12,13-14,3,7,0,123-126,1,47-63,0
Zombie ,Male (Tomb of Raithwall),16-18,869-881,390-430,20-22,13-15,23,15,23-25,7,9,0,414-420,1,95-217,0
Zombie ,Male (Stilshrine of Miriam),27-28,2254-2260,847-867,29-30,18-19,34,19,38-39,20,23,0,0-3,0,0-16,0
Zombie ,Female (Barheim Passage),7-8,277-283,210-230,12-13,6-7,17,12,12-13,5,7,0,123-126,1,47-63,0
Zombie ,Female (Tomb of Raithwall),16-18,784-796,420-460,19-21,13-15,23,15,22-24,6,9,0,414-420,1,95-217,0
Tiny,"Mimic (Great Eastern Passage, Op Sector 29, Op Sector 36)",7-8,211-217,45-48,10-11,2,23,15,11-12,6-7,5,0,54-57,1,36-41,0
Tiny,Mimic (The Zeviah Subterrane),7-8,211-217,45-48,10-11,2,23,15,11-12,6-7,5,0,134-137,1,36-41,0
Tiny,Bug,7-8,211-217,45-48,10-11,2,23,15,11-12,6-7,5,0,54-57,1,36-41,0
Skeleton,A,7-8,312-318,165-185,13-14,5-6,19,14,12-13,5,6,3,212-215,1,50-66,0
Skeleton,B,8-9,557-563,220-240,15-16,11-12,21,15,16-17,7,6,3,290-293,1,66-82,0
Skeleton,C,10-11,798-804,275-295,17-18,12-13,23,16,18-19,9,7,3,370-373,1,83-99,0
Battery Mimic,,7,520,130,13,8,19,13,14,8,7,0,165,2,41,0
Specter,A,8-9,402-408,300-320,13-14,7-8,17,11,14-15,4,9,1,209-212,1,56-72,0
Specter,B,36-39,6786-6804,999,32-35,22-25,44,19,58-61,24,27,1,2629-2638,1,356-404,0
Tiny Battery,,6-7,120,75,11,7,24,20,12,5,7,0,76,1,19,0
Mimeo,Barheim Passage,39-40,6446-6686,665-672,31-33,18,48-50,22,56-58,27-30,23,0,1893-2050,1,257-417,0
Mimeo,Pharos,46-48,10061-10541,840-854,41-45,21,48-52,23,90-94,33-39,29,0,3115-3429,1,324-644,0
Flan,Garamsythe Waterway ,5,420,100,10,7,20,11,11,10,6,0,0,2,190,0
Flan,Barheim Passage,6-7,280-294,270-290,14-15,8,21-22,10,12-13,12-14,2-3,0,200-207,1,54-76,0
Skull Defender,A,7-8,322-328,165-185,13-14,6-7,19,14,12-13,6,5,3,212-215,1,50-66,0
Skull Defender,B,8-9,510-516,220-240,16-17,11-12,21,15,16-17,9,6,3,290-293,1,66-82,0
Skull Defender,C,10-11,702-708,275-295,17-18,12-13,23,16,20-21,9,7,3,389-392,1,83-99,0
Bomb,A,6-8,317-347,300-360,11-13,8-12,24,16,12,6,11-15,3-5,154-166,1,47-105,0
Bomb,B,38-40,5090-5120,999,30-32,23-27,53,21,55,26,29-33,7-9,1943-1955,1,299-357,0
Bomb,C,32-33,3233,910,28,20,51,20,43,20,26,5,412,1,62,0
Dead Bones,Barheim Passage (Regular Enemy),38-39,6786-6966,999,32-34,20-22,46,22,56-59,25-27,24-25,7,2661-2821,1,314-457,0
Dead Bones,Barheim Passage (Zalera Battle),38-39,3394-3574,732-772,29-31,17-19,55,22,51-54,25-27,24-25,7,799-959,1,94-237,0
Dead Bones,Nabreus Deadlands ,44-45,10592-10772,999,37-39,23-25,50,23,75-78,28-30,30-31,8,4636-4796,1,396-539,0
Dead Bones,Pharos,49-50,11122-11302,999,38-40,21-23,45,23,76-79,26-28,29-30,8,4233-4393,1,396-539,0
Dead Bones,Subterra,55-57,13262-13622,999,46-50,37-41,53,25,90-96,30-34,32-34,11,5503-5823,1,437-723,0
Vampyr,,41-44,5675-5915,500-528,31-35,19,50-54,24-31,61-65,25-29,31-33,8-14,1286-1628,1,315-489,0
Headless,,39-41,8867-9707,500-510,34-38,17-21,48-52,20,63-69,27-31,29,0,2939-3265,1,360-912,0
Killer Mantis,,43-44,11703-11943,500-507,34-36,16,55-57,19,64-66,28-31,27,0,3063-3220,1,375-535,0
Dullahan,,39-41,9100-9940,500-510,35-39,17-21,46-50,19,63-69,24-28,27,0,2939-3265,1,360-912,0
Bug,Shunia Twinspan/Site 3,41-42,6739-6979,700-707,32-34,18,50-52,22,60-62,27-30,28,0,1985-2142,1,270-430,0
Bug,Site 11,41-43,6739-7219,700-714,46-50,18,50-54,22,75-79,32-38,28,0,1985-2299,1,270-590,0
Dark Lord,Lhusu Mines,58-59,16375-16555,999,46-48,38-40,55,26,92-95,31-33,33-34,12,6500-6660,1,482-625,0
Dark Lord,Stilshrine of Miriam,45-47,4256-4616,770-850,31-35,17-21,40,22,55-61,25-29,29-31,7,930-1250,1,99-385,0
Pandora,Lhusu Mines,60-62,15557-16037,980-994,60-64,36,57-61,26,120-124,35-41,32,0,4161-4475,1,394-714,0
Pandora,Necrohol of Nabudis ,48-49,9366-9606,805-812,42-44,20,53-55,23,91-93,32-35,29,0,2648-2805,1,311-471,0
Gazer,,44-45,9931-10111,999,34-36,24-26,48,19,62-65,24-26,30-31,4,3185-3345,1,390-533,0
Alraune,Dalmasca Westersand,10-11,615-627,875-878,14,17,31-32,17,21-22,8-9,11,4,285-288,1,75-84,0
Alraune,The Sandsea,11-14,670-694,878-881,14,17,31-33,17,21-23,8-10,11,4,256-262,1,75-93,0
Danbania,,10-13,966-999,350-362,16-19,14,29-32,17-23,21-24,9,8,3-6,290-302,1,83-110,0
Danbania,,11-14,966-999,350-362,16-19,14,29-32,17-23,21-24,9,8,3-6,290-302,1,83-110,0
Danbania,Bull,12-15,1159-1192,385-397,18-21,15,31-34,19-25,22-25,11,10,3-6,327-339,1,91-118,0
Axebreak,,13-15,992-954,375-383,16,15,23-25,16-18,21-23,8,11,3-7,375-383,1,83-109,0
Yensa,,13-15,1010-1032,100-108,17-19,9,32-34,13-17,20-22,12,8,2-4,448-456,1,79-97,0
Yensa,,15-17,1010-1032,100-108,17-19,9,32-34,13-17,20-22,12,8,2-4,448-456,1,79-97,0
Yensa,Bull,16-18,1212-1234,110-118,19-21,10,34-36,15-19,21-23,14,10,2-4,492-500,1,87-105,0
Wyvern,Ogir-Yensa,14-16,1493-1713,400-500,17-21,15-17,32-38,15-17,22-28,7-11,7-9,0,683-709,2,120-328,0
Wyvern,Nam-Yensa,16-18,1493-1713,400-500,17-21,15-17,32-38,15-17,22-28,7-11,7-9,0,683-709,2,120-328,0
Wyvern,Tchita Uplands (Bell),37-38,7587-8267,999,32-37,22-25,51-58,21-24,55-59,21-24,23-25,0,3637-3840,2,432-952,0
Wyvern,Cerobi Steppe (Bell),39-42,9484-11524,999,32-44,22-31,57-78,21-30,55-67,21-30,23-29,0,3637-4246,2,432-1992,0
Salamand Entite,,45,48042,999,30,33,38,25,66,48,52,2,12627,7,1320,0
Seeker,Barheim Passage,6-7,535-551,110-114,15,11,24-25,19-20,18-19,9,10,3-5,132-136,1,69-82,0
Seeker,Tomb of Raithwall,15-16,773-789,150-154,19,11,26-27,19-20,23-24,11,10,3-5,296-300,1,95-108,0
Seeker,Henne Mines,22-23,1094-1110,200-204,22,13,32-33,20-21,29-30,14,15,4-6,754-758,1,126-139,0
Lost Soul,,17-18,966-972,330-350,21-22,12-13,24,17,22-23,11,8,3,713-716,1,99-115,0
Lesser Chimera,,15-18,1014-1062,450-462,20,15,24-27,17-20,23-26,10,12,3-9,496-508,1,99-138,0
Zombie Mage,,16-18,960-972,650-690,18-20,16-18,23,15,21-23,5,12,0,4114-420,1,95-127,0
Skull Warrior,,17-19,876-882,330-350,22-23,12-13,23,18,23-24,11,8,4,713-716,1,99-115,0
Lich,,18-19,1158-1164,600-620,21-22,14-15,23,14,24-25,10,11,1,704-707,1,113-129,0
Ragoh,,16-18,1400-1440,210-250,20-22,15,42,14,24-28,13-15,9,0,531-539,1,102-154,0
Tallow,,16-17,1303-1317,540-560,22-23,15,26-27,13,22-23,24-26,5-6,0,675-682,1,108-130,0
Mesmenir,,20-22,1528-1568,210-220,23-25,13,32,17,25-27,15,15,0,848-852,1,126-158,0
Chococbo,Haulo Green (Red),19-23,1116-1180,385-401,21,12,32-36,19-23,24-28,11,13,5-13,687-703,1,113-165,0
Chococbo,Field of Light winds (Red),19-23,1395-1459,385-401,21,12,32-36,19-23,24-28,11,13,5-13,687-703,1,113-165,0
Chococbo,Black,19-23,1116-1180,385-401,21,12,32-36,19-23,24-28,11,13,5-13,687-703,1-2,113-165,0
Chococbo,White,36-37,3718-3786,770-779,30-31,16,45-46,21-23,47-49,18-19,23,6-8,1733-1825,1,227-277,0
Chococbo,Dalmasca Esterand (Brown),31-32,3141-3211,715-724,30-31,16,43-44,21-23,47-49,17-18,22,6-8,1586-1678,1,211-261,0
Chococbo,Salikawood (Brown),32-35,3718-3922,770-797,30-33,16,45-48,21-27,47-53,18-21,23,6-12,1733-2009,1,227-377,0
Chococbo,Green,32-35,3143-3922,770-797,30-33,16,45-48,21-27,47-53,18-21,23,6-12,1733-2009,1,227-377,0
Chococbo,Lvl 99 Red,99,239686,999,99,41,71,30,104,33,39,19,11949,50,3325,0
Wu,,20-22,1689-1729,280-290,21-23,12,31,16,25-27,14,13,2,813-817,1,121-153,0
Zu,,21-22,1880-1896,280-284,23,14,36-37,16-17,25-26,12,13,4-6,1025-1029,1-2,152-165,0
Viper,,20-21,1410-1430,140-145,22-23,12,32,18,24-25,14,13,4,919-921,1,137-153,0
Zaghnal,,23-24,3157-3179,210-212,25-26,11,32-34,15,26-28,14,13,0,1201-1206,2,189-204,0
Hybrid Gator,,21-23,2233-2273,175-185,24-26,11,34,17,27-29,13,12,0,1131-1135,1,189-221,0
Sylphi Entite,,45,48042,999,30,33,38,25,66,48,52,2,12627,7,1320,0
Panther,,21-23,1299-1519,999,22-26,17,36-38,18-20,28-30,14,18,4,900-1086,1,132-294,0
Treant,Regular Enemy,23-24,4274-4384,720-760,25-27,16-17,29,14-15,31-34,18-20,16-17,0,1089-1242,1-2,168-265,0
Treant,Elder Wyrm Battle,25-26,4764-4874,504-544,23-25,13-14,24,14-15,28-31,18,16-17,0,327-480,1,50-147,0
Hellhound,,37-39,3570-3790,270-300,31-35,20,50-52,21-23,53-55,23,24,8,1591-1777,1,270-432,0
Diresaur,The Greenswathe,27-28,25544-25864,165-255,29-32,12-14,43-48,20-22,41-44,16-18,12-14,0,2891-3017,2,413-692,0
Diresaur,The Rustling Chapel,27-28,6601-6941,165-255,29-32,12-14,43-48,20-22,41-44,16-18,12-14,0,2891-3017,2,413-692,0
Malboro ,Lhusu Mines,37-38,8157-8277,999,31-32,21-23,53-56,20,62-64,24-26,33-34,0,3380-3484,1,330-415,0
Malboro ,Golmore Jungle,22-23,1573-1693,560-572,22-23,15-17,34-37,16,30-32,13-15,17-18,0,1073-1177,1,132-217,0
Malboro ,Feywood (Wild Malboro Hunt),40-41,4902-5022,931-943,27-28,18-20,41-44,25,53-55,24-26,28-29,0,726-830,1,94-179,0
Gargoyle,,23-24,1436-1494,600-680,23-24,16-18,32,17-18,29-31,16-17,16-18,4-6,894-995,1,138-227,0
Great Malboro,,22-23,1630-1750,630-642,24-25,16-18,34-37,16,33-35,14-16,17-18,0,1141-1245,1,149-234,0
Thunderbug,,23-25,2083-2303,315-325,34-38,13,32-38,18,35-39,30-34,12,0,744-922,1,122-270,0
Jelly,,24-25,1913-2018,810-850,27-28,18-20,32-33,14,31-33,28-31,10-12,0,1104-1213,1,162-256,0
Tyranorox,,26-27,4073-4413,135-225,30-33,11-13,40-45,19-21,35-38,15-17,11-13,0,1775-1901,2,338-617,0
Hecteyes,Henne Mines,62-65,34633-35323,999,48-51,43-49,59-65,24,95-101,46-58,33-42,0,8089-8605,1,608-1193,0
Hecteyes,Draklor Laboratory,36-37,8285-8515,999,33-34,22-24,43-45,18,53-55,36-40,20-23,0,2728-2900,1,324-519,0
Gizmaluk,,61-63,53874-55234,999,51-59,40-46,65-79,25-31,98-106,37-43,38-42,0,14158-14564,2,1065-2105,0
Etem,,64-65,35916-36096,999,48-50,44-46,57,25,97-100,32-34,37-38,6,8763-8923,1,659-802,0
Nightmare,,24-25,1630-1688,900-980,26-27,17-19,31,16-17,31-33,15-16,17-19,2-4,1104-1205,1,162-251,0
Necrofiend,Henne Mines,63-65,30785-31145,999,47-51,42-46,55,25,97-103,32-36,39-41,2,8426-8746,1,634-920,0
Necrofiend,Pharos - Second Ascent,48-51,12709-13249,999,37-43,24-31,43,20,77-86,27-33,33-36,2,4809-5289,1,450-879,0
Necrofiend,Pharos - Third Ascent,48-51,12709-13249,999,37-43,24-31,43,20,77-86,27-33,33-36,2,4809-5289,1,450-879,0
Necrofiend,Subterra,54-57,1591-16454,999,46-52,39-45,50,22,92-101,29-35,35-38,2,5438-5918,1,496-925,0
White Wolf,,24-25,1498-1608,150-165,26-28,16,40-41,18-19,34-35,15,15,4,894-987,1,150-231,0
Twintania,,27-28,4917-5257,500-590,31-34,15-17,40-45,16-18,37-40,19-21,16-18,0,2015-2177,2,315-594,0
Lizard,Garamsythe Waterway ,39-40,7069-7179,999,32-34,22,53-54,19-20,57-58,27,27,4,2525-2618,1,342-423,0
Lizard,Paramina Rift,24-26,2342-2562,650-680,27-31,17,38-40,16-18,35-37,17,17,2,1172-1358,1,180-342,0
Lizard,Tchita Uplands,35-37,5191-5411,975-999,32-36,21,45-47,17-19,51-53,23,25,3,2233-2419,1,270-432,0
Emperor Aevis,,27-28,5900-6240,550-640,33-36,16-18,41-46,18-20,38-41,21-23,18-20,0,2255-2381,2,347-626,0
Garuda,,16,6754,360,26,14,55,20,32,10,6,3,0,11,1310,0
Garuda,Egi,26-27,2997-3065,400-409,28-29,15,41-42,17-19,36-38,14-15,15,4-6,1416-1508,2,218-268,0
Dark Skeleton,Golmore Jungle,37-39,4463-4583,990-999,32-34,19-23,41,22,53-57,23-25,28-30,7,2738-2924,1,297-413,0
Dark Skeleton,Paramina Rift,25-26,1488-1548,495-525,26-27,15-17,31,18,32-34,15-16,13-14,4,1164-1257,1,149-207,0
Slaven Warder,,27-28,2623-2743,200-203,27-29,11,40-42,15,36-38,14-15,13,0,1124-1225,1,173-252,0
Skull Knight,,25-26,1873-1933,550-580,27-28,15-17,32,19,34-36,15-16,14-15,4,1235-1328,1,165-223,0
Yeti,,27-29,4237-4477,300-306,30-34,12,38-42,16,37-41,16-18,15,0,1660-1862,2,270-428,0
Ice Elemental,,25,14830,999,25,28,34,20,45,42,44,3,5583,4,675,0
Ice Azer,,25,2708,999,25,26,34,16,45,30,36,3,1675,4,203,0
Wild Onion,,25-27,1496-1736,999,24-26,20-24,40-46,20,35-39,14-18,4-6,5,699-907,1,150-320,0
Leshach Entite,,45,48042,999,30,33,38,25,66,48,52,2,12627,7,1320,0
Redmaw,Henne Mines,23-24,1134-1202,225-234,24-25,14,32-33,20-22,32-34,15-16,15,4-6,783-875,1,142-192,0
Redmaw,Stilshrine of Miriam,26-27,1670-1738,275-284,26-27,15,36-37,21-23,37-39,18-19,22,4-6,637-729,1,173-223,0
Zombie Warrior,,27-29,1878-1998,520-580,28-30,17-21,32,17,37-41,12-14,21-23,0,891-1077,1,173-289,0
Blood Gigas,Stilshrine of Miriam,27-29,2609-2849,275-281,29-33,13,34-38,17,39-43,20-22,20,0,1456-1658,1,198-356,0
Blood Gigas,Draklor Laboratory,38-39,8369-8489,495-498,35-37,17,43-45,22,57-59,27-28,25,0,3000-3101,1,356-435,0
Nightwalker,,58-60,18568-18928,999,47-51,41-45,53,22,92-98,29-33,33-35,5,5653-5973,1,516-802,0
Reaper ,Claw,40-41,7945-8005,999,34-35,24-26,48,19,63-65,30-31,24-25,4,3185-3278,1,390-448,0
Reaper ,Mage,40-41,7945-8005,999,24-25,34-36,48,19,63-65,24-25,30-31,4,3185-3278,1,390-448,0
Dragon Aevis,,29-31,5479-6159,550-730,32-38,16-20,41-51,16-20,39-45,22-26,22-26,0,2549-2801,2,347-905,0
Ghoul,,27-29,1984-2104,770-830,26-28,17-21,32,17,37-41,12-14,21-23,0,891-1077,1,173-289,0
Darkmare,,30-31,14040-14098,999,36-37,28-30,34,17-18,36-38,18-19,24-26,2-4,2184-2285,1,198-287,0
Facer,,26-29,3026-3356,385-505,27-33,19-22,52,16-19,38-47,20-26,21-24,0,1151-1610,1,186-477,0
Balloon,,28-29,1878-1936,999,26-27,19-21,40,18-19,35-37,19-20,25-27,4-6,1122-1123,1,173-262,0
Miriam Guardian,,28,6827,55,31,12,32,13,40,21,19,0,1602,1,218,0
Oiling,,27-28,2818-2923,990-999,29-30,19-21,36-37,15,36-38,31-34,17-19,0,1456-1565,1,196-292,0
Miriam Facer,,29,5540,424,29,20,40,18,39,22,23,0,1508,1,205,0
Ghast,Negalmuur's Add,27-29,2348-2468,770-830,27-29,17-21,32,17,37-41,18-20,21-23,0,891-1077,1,173-289,0
Ghast,Regular Enemy,27-29,1706-1826,930-990,26-28,19-23,32,18,37-41,11-13,16-18,0,891-1077,1,173-289,0
Crystalbug ,Red,45,43656,999,27,36,50,20,57,37,46,0,0,10,3150,0
Crystalbug ,Blue,38,7178,999,25,25,41,32,46,42,39,0,0,10,2400,0
Crystalbug ,Green,26,3489,999,22,22,36,30,30,29,37,0,0,10,1650,0
Worgen,Dalmasca Esterand,25-26,2011-2121,180-195,30-32,17,43-44,19-19,40-41,18,22,6,943-1036,1,180-261,0
Worgen,Mosphoran Highwaste,29-31,2011-2231,180-210,30-34,17,43-45,18-20,40-42,18,22,6,943-1129,1,180-342,0
Worgen,Dalmasca Esterand (Alpha),28-29,2413-2523,198-213,32-34,18,45-46,20-21,41-42,20,24,6,1036-1129,1,198-279,0
Worgen,Mosphoran Highwaste (Alpha),30-32,2413-2633,198-228,32-36,18,45-47,20-22,41-43,20,24,6,1036-1222,1,198-360,0
Humbaba,,32-33,5403-5523,360-363,34-36,13,41-43,16,43-45,19-20,22,0,2289-2390,2,324-403,0
Python,,29-32,3016-3346,240-285,31-37,14,41-44,19-22,41-44,19,22,5,1749-2028,1,234-477,0
Ash Wyrm,Mosphoran Highwaste,44-47,31919-33959,999,37-49,24-33,79-100,16-25,65-77,28-37,33-39,0,8574-9183,4,1050-2610,0
Ash Wyrm,Great Crystal,61-62,88423-89103,999,50-54,43-46,67-74,21-24,98-102,35-38,38-40,0,20147-20350,4,1607-2127,0
Vulture,,30-31,4022-4158,480-498,32-34,16,45-47,17-21,42-46,17-19,22,5-9,1952-2136,2,261-361,0
Clay Golem,,31-32,6283-6393,999,32-34,18-19,34,15-16,43-46,22-24,24-25,0,1884-2037,2,252-349,0
Slaven Wilder,Estersand,27-28,3518-3638,240-243,31-33,12,43-45,15,42-44,17-18,20,0,1548-1649,1,207-286,0
Slaven Wilder,Mosphora,30-31,3518-3638,240-243,32-34,12,43-45,17,44-46,17-18,20,0,1548-1649,1,207-286,0
Fire Elemental,,25,14830,999,25,28,34,20,45,42,44,3,5583,4,675,0
Fire Chaosjet,,45,4079,999,25,20,49,15,45,32,34,0,1675,1,203,0
Wyrdhare,,33-35,2739-2959,999,27-31,22,38-40,21-23,45-47,20,26,6,856-1042,1,168-330,0
Pumpkin Head,,32-33,2739-2859,999,28-29,23-25,48-51,21,47-49,19-21,26-27,7,1070-1174,1,210-295,0
Sprinter,,33-34,4070-4138,999,30-31,21,40-41,20-22,49-51,19-20,26,26-28,1569-1661,1,231-281,0
Malboro King,,34-35,4501-4621,980-992,29-30,19-21,43-46,18,48-50,19-21,26-27,0,2451-2565,1,231-316,0
Antares,,33-34,6458-6568,350-355,32-34,14,45-46,17,50-52,23-25,20,0,2228-2317,1,263-337,0
Silver Lobo,Phon Coast,34-35,3131-3241,210-225,30-32,19,48-49,19-20,46-47,20,23,6,1248-1341,1,210-291,0
Silver Lobo,Cerobi Steppe,38-39,4464-4574,270-285,31-33,20,55-56,21-22,53-54,23,24,8,1591-1684,1,270-351,0
Mandragora,,34-37,2739-3099,999,28-31,23-29,48-57,21,47-53,19-25,26-29,7,607-919,1,210-465,0
Iguion,Phon Coast,35-36,4892-5002,910-925,31-33,20,45-46,17-18,47-48,22,25,3,1367-1450,1,252-333,0
Iguion,Sochen Cave Palace,36-38,5129-5349,999,31-35,21,45-47,18-20,52-54,23,25,3,2329-2515,1,288-450,0
Archaeosaur,,37-38,12251-12591,210-300,32-35,14-16,50-55,21-23,50-53,20-22,20-22,0,4457-4583,2,525-804,0
Pyrolisk,,36-37,6262-6330,560-569,32-33,18,50-51,18-20,48-50,19-20,23,5-7,2585-2677,2,305-355,0
Piranha,,35-37,4305-4469,980-999,30-32,20,45-47,21-25,47-51,20,23-25,5-9,1961-2157,1,231-349,0
Bagoly,Nam-Yensa Sandsea,14-16,1010-1230,200-230,16-20,10,26-28,14-16,22-24,10,8,2,490-676,1,86-248,0
Bagoly,Phon Coast,36-38,4500-4720,560-590,30-34,16,43-45,18-20,48-50,21,23,3,2051-2237,1,242-404,0
Air ,Elemental,25,14830,999,25,28,34,20,45,42,44,3,5583,4,675,0
Air ,Chaosjet,45,4079,999,25,20,49,15,45,32,34,0,1675,1,203,0
Coeurl,Golmore Jungle,36-38,4240-4460,999,30-34,22,48-50,22-24,53-55,23,28,7,1750-1936,1,297-459,0
Coeurl,Tchita Uplands,36-37,3944-4264,999,30-33,22,45-46,20-22,50-52,21-22,27-29,5,1433-1607,1,248-475,0
Feral Croc,,38-39,9393-9713,375-405,33-36,16,48-49,17-19,54-56,21-22,22-24,0,2978-3152,1,405-632,0
Serpent,,35-36,4982-5302,300-330,32-35,17,45-46,20-22,53-55,22-23,23-25,5,2309-2483,1,293-520,0
Earth ,Elemental,25,14830,999,25,28,34,20,45,42,44,3,5583,4,675,0
Earth ,Chaosjet,45,4079,999,25,20,49,15,45,32,34,0,1675,1,203,0
Abysteel,Lhusu Mines,57-59,13099-13339,700-728,44-48,37,57-61,28-34,93-97,31-35,35-37,12-18,2697-3039,1,460-634,0
Abysteel,Henne Mines,64-65,20524-20644,755-789,45-47,39,59-61,30-33,96-98,33-35,38-39,13-16,9163-9334,1,532-619,0
Abysteel,Sochen Cave Palace,35-38,6778-7138,600-642,35-41,22,48-54,25-34,76-82,28-34,32-35,9-18,1924-2437,1,378-639,0
Imp,,37-39,4390-4710,999,30-34,21-27,41,20-22,52-56,23-25,25-33,6-10,2231-2583,1,276-678,0
Striker,,37-38,5129-5549,400-405,32-34,16-18,40-42,19,54-57,23-25,22,0,2329-2492,1,288-564,0
Pit Fiend,,37-39,4390-4710,999,29-33,25-31,41,20-22,50-54,21-23,27-35,7-11,2231-2583,1,276-678,0
Wendigo,,37-38,5458-5878,300-305,33-35,16-18,38-40,18,55-58,22-24,22,0,2329-2492,1,288-564,0
Zombie Knight,,36-38,3693-4053,999,30-34,20-24,38,19,52-58,14-18,23-25,0,1427-1747,1,252-538,0
Gorgimera,Zertinan Caverns ,36-37,5385-5505,999,30-32,22,44-46,21-24,52-54,20-22,26-27,6-9,1707-1878,1,264-351,0
Gorgimera,Sochen Cave Palace,38-39,4266-4386,999,30-32,22,40-42,21-24,52-54,20-22,26-27,6-9,1707-1878,1,264-351,0
Focalor,Sochen Cave Palace,36-37,4513-4684,999,30-32,21,45-47,22-25,52-55,21-22,23-24,6-9,2135-2308,1,264-397,0
Focalor,Nabreus Deadlands ,45-47,8576-8924,999,32-36,22,55-59,24-30,63-69,26-28,30-32,7-13,2793-3139,1,347-613,0
Cerberus,,38-40,4419-5059,285-345,32-38,19,54-56,19-23,57-61,23-25,22-26,7,1473-1821,1,285-739,0
Deadly Nightshade,,39-41,3167-3647,999,29-33,25-31,50-60,23-25,57-63,24-30,28-32,9,1262-1630,1,285-675,0
Mu,,40-41,3167-3487,999,28-31,24,40-41,23-25,55-57,25-26,28-30,9,1010-1184,1,228-455,0
Mandrgora Prince,Sochen Cave Palace,37,9069,999,33,25,73,30,54,26,22,8,0,5,1200,0
Mandrgora Prince,Feywood,42-43,3959-4199,999,30-32,25-28,59-64,23-24,57-60,25-28,28-30,14,1262-1446,1,285-480,0
Basilisk,,42-43,5429-5749,380-410,32-35,18,48-49,22-24,57-59,26-27,25-27,7,2734-2908,1,371-598,0
Alraune King,Sochen Cave Palace,37,9069,999,32,26,72,30,53,25,22,9,0,5,1200,0
Alraune King,Feywood,42-43,3959-4199,999,29-31,26-29,59-64,24-25,57-60,24-27,26-28,15,1262-1446,1,285-480,0
Behemoth,Feywood,42-45,10026-11286,570-585,35-41,17-23,48-54,19,59-68,26-32,25,0,3576-4065,2,513-1341,0
Behemoth,Giruvegan,44-45,12199-12619,600-605,36-38,17-19,50-52,19,63-66,26-28,30,0,3834-3997,2,540-816,0
Onion Queen,Sochen Cave Palace,37,9069,999,32,26,73,30,53,25,23,8,0,5,1200,0
Onion Queen,Feywood,42-43,3959-4199,999,29-31,26-29,59-64,23-24,56-59,25-28,28-30,14,1262-1446,1,285-480,0
Preying Mantis,,43-44,7465-7705,475-482,33-35,16,48-50,19,61-63,28-31,22,0,2629-2786,1,356-516,0
Pumpkin Star,Sochen Cave Palace,37,9069,999,33,25,72,31,52,26,22,8,0,5,1200,0
Pumpkin Star,Feywood,42-43,3959-4199,999,30-32,25-28,59-64,24-25,57-60,24-27,26-28,14,1262-1446,1,285-480,0
Golem,,42-43,11310-11550,999,33-35,22-24,40,18-19,59-62,29-32,27-29,0,2945-3193,2,399-594,0
Topstalk,Sochen Cave Palace,37,9069,999,32,25,72,31,53,25,23,0,0,5,1200,0
Topstalk,Feywood,42-43,3959-4199,999,29-31,25-28,59-64,23-24,58-61,24-27,28-30,15,1262-1446,1,285-480,0
Mirrorknight,,40-42,5202-5842,760-820,31-37,18,45-47,20-24,58-62,26-28,25-29,4,2419-2767,1,328-782,0
Holy Elemental ,,25,14830,999,25,28,34,20,45,42,44,3,5583,4,675,0
Tartarus,,38-40,3619-4259,285-345,31-37,21,50-52,21-25,56-60,25-27,25-29,8,1473-1821,1,285-739,0
Ose,,44-45,6739-7059,999,34-37,23,50-51,40-42,63-65,25-26,34-36,7,1887-2061,1,330-557,0
Shadonir,,59-60,25544-25864,870-900,47-50,38,61-62,26-28,95-97,34-35,37-39,0,6908-7082,1,551-778,0
Giruveganus,Feywood,46-47,13006-13686,285-405,33-37,16-19,51-58,23-26,60-64,25-28,22-24,0,5259-5462,2,713-1233,0
Giruveganus,Great Crystal,60-61,45194-45874,435-555,47-51,35-38,65-72,38-31,97-101,32-35,32-34,0,14391-14594,2,1148-1668,0
Skulwyrm,Zertinan Caverns ,38-40,14895-16255,999,37-45,20-26,57-71,19-25,63-71,29-35,31-35,0,5144-5550,2,630-1670,0
Skulwyrm,Great Crystal,60-62,41264-41994,999,50-54,39-42,63-70,24-27,96-100,36-39,36-38,0,12087-12290,2,964-1484,0
Vivian,,42-44,6529-7006,999,31-35,21-27,48-58,20-22,62-68,24-30,33-37,0,3380-3748,1,330-720,0
Forbidden,Great Crystal,58-59,17684-17864,999,45-47,40-42,53,25,94-97,21-23,35-36,0,6347-6507,1,482-625,0
Forbidden,Great Crystal,58-60,17684-18044,999,45-49,40-44,53,25,94-100,32-36,35-37,0,6347-6667,1,482-768,0
Gargoyle Baron,,42-43,6071-6231,999,32-34,22-25,45,21-22,61-63,27-28,32-36,7-9,2817-2993,1,345-546,0
Reaper ,Great Crystal,45-46,9931-10111,999,34-36,24-26,43,19,62-65,24-26,30-31,4,3185-3345,1,390-533,0
Reaper ,Great Crystal,62-63,27509-27689,999,47-49,43-45,55,24,95-98,31-33,35-36,6,7482-7642,1,597-740,0
Mom Bomb,A,45-46,6384-6544,999,31-33,23-26,50,21-22,59-61,26-27,34-38,7-9,2263-2439,1,315-516,0
Mom Bomb,B,59-62,17684-18164,999,44-50,42-51,61,26-29,92-98,33-36,39-51,12-18,4835-5363,1,482-1085,0
Mythil Golem,Giruvegan,43-44,17733-17973,999,34-36,25-27,41,18-19,63-66,29-32,32-34,0,3430-3678,2,420-615,0
Mythil Golem,Great Crystal,45-48,17733-18453,999,34-40,25-31,41,18-21,63-72,29-38,32-38,0,3430-4174,2,420-1005,0
Necrophobe,Mandatory part of Great Crystal,46-47,8511-8691,999,33-35,22-24,41,19,62-95,24-26,32-33,1,3063-3223,1,375-518,0
Necrophobe,Optional part of Great Crystal,58-60,23579-23939,999,46-50,41-45,53,24,95-101,31-35,37-39,2,7195-7515,1,574-860,0
Diakon Entite,,45,48042,999,66,33,38,25,66,48,52,2,12627,7,1320,0
Deathclaw,,46-48,12682-13162,550-564,38-42,18,51-55,20,75-79,30-36,28,0,3947-4261,1,413-733,0
Cassie,,46-47,8840-9080,999,34-36,,,,,,,,,,,
Abaddon ,Pharos,47-49,13239-13879,999,37-43,25,51-53,20-24,76-80,30-32,33-37,4,4615-4963,1,432-686,0
Abaddon ,Subterra,55-56,16578-16898,999,46-49,39,59-60,22-24,91-93,32-33,35-37,5,5221-5395,1,476-703,0
Abaddon,(Bull),56-58,19894-20534,999,48-54,40,61-63,24-28,92-96,34-36,37-41,5,5741-6089,1,524-978,0
Chimera Brain,,45-46,9992-10112,999,35-37,25,45-47,23-26,72-74,26-28,34-35,8-11,2917-3088,1,363-450,0
Bune,Pharos,48-49,13239-13659,600-605,38-40,20-22,45-47,21,78-81,30-32,30,0,4615-4778,1,432-708,0
Bune,Subterra,58-59,16578-16998,650-655,47-49,34-36,53-55,23,93-96,32-34,32,0,5221-5384,1,476-752,0
Magick Pot,,60,30000,999,99,99,21,22,120,255,255,10,1,123,0,
Reaver ,Pharos,49-50,22771-23191,720-725,40-42,20-22,51-53,20,78-81,29-31,31,0,6539-6702,2,648-924,0
Reaver ,Subterra,56-61,28513-30613,780-805,49-59,34-44,59-69,22,93-108,31-41,33,0,7394-8209,2,715-2095,0
High Reaver,,57-66,34216-37996,858-903,51-69,35-53,51-79,24,94-121,33-51,35,0,8134-9601,2,787-3271,0
Crusader,Pharos,47-48,10592-10772,999,37-39,23-25,45,23,75-78,28-30,30-31,8,4868-5058,1,396-539,0
Crusader,Nabreus Deadlands ,44-45,10592-10772,999,37-39,23-25,50,23,75-78,28-30,30-31,8,4636-4796,1,396-539,0
Aeronite,Lhusu Mines,59-60,27838-28518,999,46-50,41-44,65-72,25-28,94-98,29-32,33-35,0,8222-8425,2,701-1221,0
Aeronite,Pharos,49-50,18004-18684,999,37-41,26-29,55-62,22-25,77-81,26-29,30-32,0,6156-6359,2,576-1096,0
Dragon Lich,Pharos,49-51,22241-23601,999,41-49,23-29,53-67,20-26,78-86,32-38,32-36,0,8078-8484,2,756-1796,0
Dragon Lich,Subterra,59-64,27851-31251,999,50-70,37-52,61-96,22-37,93-113,34-49,34-44,0,9134-10149,2,834-3434,0
Cataract Aevis,,50-51,23241-23921,999,42-46,23-26,53-60,20-23,77-81,33-36,30-32,0,8078-8281,2,756-1276,0
Brainpan,,46,15358,840,36,26,63,20,77,30,31,0,3574,1,407,0
Purobolos,,49-50,9531-9691,999,35-37,26-29,51,22-23,74-76,29-30,35-39,8-10,3554-3730,1,378-579,0
Deidar,,46,15358,840,34,26,63,20,75,35,36,0,3574,1,407,0
Mistmare,Pharos,45-47,12180-12500,999,37-41,25-31,45,21-23,75-79,28-30,34-42,5-9,4615-4967,1,432-834,0
Mistmare,Subterra,54-56,15251-15571,999,46-50,39-45,53,23-25,90-94,30-32,36-44,6-10,5221-5573,1,476-878,0
Undin Entite,,45,48042,999,30,33,42,25,66,48,52,2,12627,7,1320,0
Speartongue,Zertinan Caverns (Invitation to Hersey),16-17,1508-1828,390-420,21-24,14,23-25,13-14,11-13,2,675-849,2-3,675-849,1,108-335,0
Speartongue,"Zertinan Caverns (Darkened Wharf, Canopy of Clay)",16-17,1792-2112,540-570,23-26,15,29-30,13-15,23-25,24-25,5-7,0,675-849,1,108-335,0
Speartongue,Ogir-Yensa Sandsea,11-13,1098-1738,328-385,17-23,14,29-31,13-17,21-25,11-13,10-14,2,511-859,1,90-544,0
Grenade,,35-38,4819-5299,999,30-36,22-31,53,20-23,51-57,23-26,28-40,6-12,2337-2862,1,268-871,0
Scythe Mantis,Hourglass Basin,36-37,8835-9075,425-432,33-35,15,53-55,18,56-58,25-28,21,0,2526-2683,1,319-479,0
Scythe Mantis,Balamka Fault,37-39,8835-9315,425-439,33-37,15,53-57,18,56-60,25-31,21,0,2526-2840,1,319-639,0
Slime,Invitation to Hersey,15-17,1629-2089,540-680,22-24,15-19,29-33,13,22-26,24-32,5-11,0,675-1019,1,108-498,0
Slime,"The Blamka Fault, Darkened Wharf, Canopy of Clay",15-17,1659-2119,390-530,22-24,14-18,34-38,14,24-28,13-21,11-17,2,675-1019,1,108-498,0
Archaeoavis,,59-99,161622-961622,999,59-99,59-99,99,36,98,32-72,34-74,0,9999-36639,2,1065,0
Bogey,,38-39,6426-6606,999,32-34,21-23,44,18,54-57,21-23,26-27,1,2526-2686,1,319-462,0
Malicant,,37-38,6158-6318,999,32-34,21-24,46,19-20,52-54,22-23,27-31,4-6,2426-2602,1,306-507,0
Shambling Corpse,,37-38,4338-4518,833-873,32-34,24-26,40,19,52-55,15-17,24-25,0,446-606,1,80-223,0
Buer,,37-39,5622-5942,999,31-35,21-27,48,20-22,53-57,24-26,26-34,6-10,2324-2676,1,293-695,0
Adamantitan,Barheim Passage,40-41,14704-15024,999,33-36,23,57-58,16-18,57-59,29-30,28-30,0,3576-3750,2,485-712,0
Adamantitan,Cerobi Steppe,40-42,34481-35121,999,36-42,28,63-65,19-23,75-79,34-36,36-40,0,5283-5631,2,675-1129,0
Charybterix,,38-40,21219-21459,999,36-40,25,63-67,23-29,76-80,29-33,33-35,10-16,4505-4847,2,576-750,0
Bandercoeurl,,39-40,5300-5620,999,30-33,22,53-54,22-24,53-55,23-24,28-30,7,1750-1924,1,297-524,0
Shield Wyrm,Cerobi Steppe,42-44,59679-61039,999,39-47,29-35,64-79,19-25,79-87,33-39,36-40,0,10874-11280,4,1390-2430,0
Shield Wyrm,Nabreus Deadlands ,47-48,35082-35762,999,37-41,24-27,61-68,17-20,67-71,29-32,33-35,0,8887-9090,4,1103-1623,0
Emeraldtitan ,Echoes of the Past,46-47,20270-20590,999,34-37,23,59-60,17-19,63-65,30-31,33-35,0,4317-4491,2,536-763,0
Emeraldtitan ,The Sluumbermead,44-45,20270-20590,999,34-37,23,59-60,17-19,63-65,30-31,33-35,0,4317-4491,2,536-763,0
Urutan Eater,,16,8015,999,26,26,59,17,33,13,9,0,0,8,640,0
Leynir,,45-48,10135-11095,630-720,34-43,19,55-58,22-28,64-70,28-31,32-38,0,3047-3569,1,378-1059,0
Banshee,,44-46,7017-7377,999,32-36,21-25,46,21,63-69,17-21,30-32,0,1867-2187,1,331-617,0
Leamonde Entite,,45,48042,999,30,33,42,25,66,48,52,2,12627,7,1320,0
Foobar,Garamsythe Waterway ,43-44,6315-6545,999,31-32,20-22,60-62,19,57-59,39-43,26-29,0,914-1086,1,113-308,0
Foobar,Nabreus Deadlands ,43-46,10525-11215,999,34-37,23-29,50-56,19,62-68,39-51,26-35,0,3047-3563,1,378-963,0
Oversoul,First Spawn,47-49,20117-20477,2875-2955,59-63,37-41,48,18,75-81,28-32,29-31,4,3697-4017,1,449-735,0
Oversoul,Subsequent Spawn,47-49,13802-14162,2875-2955,37-41,26-30,50,20,75-81,26-30,31-33,4,4249-4569,1,449-735,0
Babil,,47-48,24647-24887,2070-2130,37-39,24-26,48,19-20,76-79,31-34,33-35,0,457-4825,2,483-678,0
Elvoret,,46-48,10351-10671,999,35-39,24-30,53,22-24,74-78,29-31,33-41,8-12,3760-4112,1,397-800,0
Dark Elemental,,25,14830,999,25,28,38,20,45,42,44,3,5583,4,675,0
Zombie Warlock,Sochen Cave Palace,36-38,7625-7985,999,36-40,24-28,43,21,76-82,19-23,31-33,0,2693-3013,1,378-664,0
Zombie Warlock,Necrohol of Nabudis ,47-48,8875-9055,999,35-37,23-25,48,21,74-77,18-20,31-32,0,2403-2563,1,362-505,0
Zombie Warlock,Pharos - Second Ascent,48-50,7598-7958,999,32-36,31-35,43,21,70-76,19-23,31-33,0,3838-4158,1,378-664,0
Zombie Warlock,Pharos - Third Ascent,48-50,7598-7958,999,32-36,31-35,43,21,70-76,19-23,31-33,0,3838-4158,1,378-664,0
Zombie Warlock,Subterra,59-60,11935-12115,999,45-47,38-40,50,23,91-94,20-22,33-34,0,4584-4745,1,417-560,0
Rogue Tomato,,2,134,50,9,3,14,12,10,7,18,0,0,3,180,0
Atomos,,33,40020,360,36,14,69,13,47,14,17,0,0,16,2070,0
Thextera,,6,380,45,13,6,34,8,14,4,5,0,0,2,300,0
Roblon,,43,177365,999,37,30,65,17,69,27,29,0,0,26,4410,0
Flowering Cactoid,,4,755,525,10,10,38,12,15,12,6,40,0,2,300,0
Braegh,,35,43283,999,34,22,60,220,54,16,22,3,0,17,2340,0
Wraith,,9,5146,600,18,13,33,15,20,7,10,1,0,5,750,0
Darksteel,,38,111331,999,37,24,77,17,59,22,23,0,0,21,4080,0
Nidhogg,,10,6079,120,21,11,40,13,25,12,4,3,0,5,780,0
Vyraal,,41,106616,999,76,21,77,20,75,48,11,0,0,22,5670,0
White Mousse,,15,69469,999,36,25,69,16,60,35,18,0,0,24,3420,0
Lindwyrm,,39,228468,999,56,50,82,14,78,23,24,0,0,22,9450,0
Ring Wyrm,,32,128648,999,38,22,74,11,49,18,22,0,0,16,6300,0
Overlord,,42,64325,713,65,19,65,18,78,24,21,0,0,24,3420,0
Wyvern Lord,,18,18669,720,24,17,55,14,28,6,5,0,0,8,1440,0
Goliath,,47-48,224294,999,42,78,69,23,81,28,30,0,0,27,4830,0
Marilith,,38,54921,540,35,19,74,20,58,21,21,7,0,22,3510,0
Deathscythe,,44,125601,999,40,28,72,18,79,23,28,4,0,27,4490,0
Enkelados,,22,18709,210,27,12,55,12,34,12,8,0,0,9,1210,0
Deathgaze,,50,184000,999,46,25,99,18,86,29,29,0,0,28,7560,0
Croakadile,,24,19449,780,29,18,57,13,35,13,13,2,0,10,1440,0
Diablos,,46,93551,999,83,72,74,20,81,26,30,8,0,27,3800,0
Ixtab,,24,22562,999,31,21,49,13,39,11,11,2,0,12,1760,0
Piscodaemon,,46,49660,999,33,27,61,22,64,21,33,5,0,26,4730,0
Feral Retriever,,28,22559,999,33,21,62,17,43,15,22,4,0,14,1820,0
Wild Malboro,,50,110842,999,56,26,77,19,81,24,31,0,0,28,3960,0
Vorpal Bunny,,31,20010,999,35,22,55,25,46,15,22,6,0,16,1440,0
Catoblepas,,46,187991,990,72,21,79,18,78,25,28,0,0,27,5940,0
Mindflayer,,35,31161,999,32,26,74,19,49,15,26,4,0,18,3150,0
Fafnir,,64,1390378,999,54,92,99,20,105,34,38,0,0,39,18620,0
Bloodwing,,37,41171,713,33,21,69,40,75,22,23,8,0,24,2990,0
Pylraster,,63,493513,675,61,37,92,26,104,29,29,0,0,36,12050,0
Chickatrice,,13,3067,338,15,10,30,12,17,1,7,3,0,1,500,0
Cluckatrice,,15,7509,563,19,17,34,14,25,5,8,3,0,6,830,0
Roctoise,,16,17548,999,25,17,55,9,32,12,9,0,0,8,1530,0
Orthros,,34,87141,999,37,25,72,16,64,35,23,0,0,25,3600,0
Gil Snapper,,37,86956,999,35,24,77,12,55,22,23,0,0,20,3830,0
Trickster,,44,61321,999,37,20,77,25,70,20,27,8,0,25,3240,0
Antlion,,37,106499,750,37,18,77,17,68,25,24,0,0,25,3750,0
Carrot,,49,110842,999,38,26,77,19,81,24,31,0,0,28,3960,0
Gilgamesh,HP 100-60%,45,123103,999,42,25,79,21,76,26,30,6,0,5,3960,0
Gilgamesh,HP 60-40%,45,123103,999,42,25,79,21,76,26,30,6,0,5,3960,0
Gilgamesh,HP 40-20%,45,123103,999,42,25,79,21,76,26,30,6,0,5,3960,0
Gilgamesh,HP 20-0%,45,123103,999,44,25,79,21,78,26,30,6,0,50,3960,0
Gilgamesh,HP 100-60%,70,473246,999,55,44,90,27,118,36,38,10,0,10,6700,0
Gilgamesh,HP 60-40%,70,473246,999,55,44,90,27,118,36,38,10,0,10,6700,0
Gilgamesh,HP 40-20%,70,473246,999,55,44,90,27,118,36,38,10,0,10,6700,0
Gilgamesh,HP 20-0%,70,473246,999,56,44,90,27,120,36,38,10,0,120,6700,0
Enkidu,A,43,33052,429,38,24,82,21,74,25,29,10,0,27,1650,0
Enkidu,B,65,140162,644,50,43,92,27,100,35,37,17,0,43,2790,0
Behemoth King,,70,1668491,999,55,47,99,21,107,35,39,0,0,40,19530,0
Ixion,,58,306559,999,54,86,74,25,109,10,34,7,0,32,5000,0
Pandaemonium,Boss,45,116678,999,46,29,92,20,83,33,31,0,0,36,6120,0
Pandaemonium,Hunt,55,115849,999,57,25,79,15,84,45,31,0,0,28,1636,0
Slyt,Boss,47,92661,999,45,23,92,25,84,28,28,3,0,36,3780,0
Slyt,Hunt,55,66505,504,53,19,79,18,80,28,28,4,0,28,1134,0
Fenrir,Boss,49,189992,999,62,23,87,24,85,27,28,0,0,36,6480,0
Fenrir,Hunt,55,112832,756,82,19,74,18,82,26,28,0,0,28,1944,0
Phoenix,Boss,59,134089,999,62,35,85,19,91,24,28,8,0,28,5200,0
Phoenix,Hunt,55,92522,999,65,22,79,19,91,24,28,8,0,28,1566,0
Shadowseer,,67,278078,999,48,56,79,24,100,31,35,0,0,6,5590,0
Yiazmat,Boss,73,50112254,999,61,67,99,20,107,36,40,0,0,255,20510,0
Yiazmat,Trial Mode,79,3777216,999,48,67,99,24,90,18,40,0,0,0,0,0
Belias,,20,15943,999,28,17,58,16,35,14,9,0,0,15,1350,0
Exodus,,46,119060,999,43,56,85,26,82,31,31,0,0,52,5400,0
Chaos,,57,208966,999,52,47,87,23,98,31,34,0,0,60,6260,0
Cuchulainn,,45,126165,999,42,32,85,24,78,27,31,0,0,50,4950,0
Zalera,,40,72248,999,38,29,79,21,62,23,25,0,0,40,3600,0
Shemhazai,,45,91136,999,43,56,82,29,68,30,30,0,0,47,4500,0
Zeromus,,51,166888,999,44,35,87,19,86,29,33,0,0,55,5670,0
Adrammelech,,39,39630,999,38,30,79,22,30,25,21,0,0,42,4050,0
Hashmal,NTSC-U/C,50,209060,999,46,35,85,23,86,29,31,0,0,52,5400,0
Hashmal,NTSC-J,50,209060,999,46,35,86,23,86,29,31,0,0,52,5400,0
Famfrit,,52,149060,999,45,23,85,22,77,30,31,0,0,52,5400,0
Ultima,,63,258001,999,54,48,90,25,98,35,35,0,0,65,6890,0
Mateus,,30,34529,999,36,32,69,20,46,21,21,0,0,27,2480,0
Zodiark,,66,336847,999,53,50,92,25,112,34,37,0,0,70,7610,0
Firemane,,7,3571,720,16,11,32,12,18,7,7,0,0,3,380,0
Raffesia,,43,73393,999,37,26,87,34,66,28,22,0,0,31,4280,0
Mimic Queen,,10,4073,315,17,6,40,16,19,10,6,0,0,5,410,0
Daedalus,,42,65644,999,40,20,77,24,65,28,26,0,0,33,3600,0
Ba’Gamnan,A,12,3983,420,15,13,47,12,18,10,9,4,0,7,99,17
Ba’Gamnan,E,49,115659,999,41,24,82,21,79,29,30,9,0,38,4160,0
Gijuk,Lhusu Mines,11,1593,231,16,14,39,13,16,9,11,3,0,5,109,17
Gijuk,Nam-Yensa Sandsea,47,27326,764,37,20,74,20,70,28,29,8,0,20,594,0
Bwagi,Lhusu Mines,11,1650,210,15,11,40,14,15,11,12,4,0,5,109,16
Bwagi,Nam-Yensa Sandsea,47,27326,764,37,20,74,20,68,28,29,8,0,20,594,0
Rinok,Lhusu Mines,11,1745,200,16,12,38,12,16,10,10,3,0,5,109,17
Rinok,Nam-Yensa Sandsea,47,27326,764,37,20,74,20,70,28,29,8,0,20,594,0
Tyrant,,43,180428,999,60,30,87,38,68,28,28,0,0,33,6300,0
Demon Wall,Optional Boss,18,22187,450,31,17,44,10,36,20,14,0,0,30,1350,0
Demon Wall,Regular Boss,16,10332,450,26,17,44,10,32,17,12,0,0,19,1350,0
Hydro,,47,203800,999,45,30,90,23,78,28,29,0,0,35,6930,0
Tiamat,,25,49993,999,34,24,74,12,40,16,14,0,0,15,4730,0
Earth Tyrant,,30,73982,540,37,15,87,23,51,20,24,0,0,21,4500,0
Elder Wyrm,,23,71692,999,33,22,74,9,40,16,14,0,0,14,4200,0
Fury,,46,69710,999,50,29,77,50,81,25,31,32,0,35,2760,0
Vinuskar,,27,15138,999,32,17,60,14,34,23,26,0,0,19,2480,0
Humbaba Mistant,,46,314086,999,44,22,87,20,82,26,28,0,0,35,6210,0
King Bomb,,34,37596,999,35,26,77,18,53,19,23,4,0,22,2050,0
Hell Wyrm,Boss,60,8930711,999,55,48,99,18,102,32,35,0,0,150,30000,0
Hell Wyrm,Trial Mode,74,1326600,999,56,41,99,18,98,36,39,0,0,0,0,0
Ahriman,Normal,38,62149,999,36,30,69,18,56,23,22,3,0,28,3000,0
Ahriman,Decoy,38,700,999,33,30,69,16,53,20,18,2,0,0,10,0
Omega Mark XII,,99,1037069,999,66,48,85,24,155,38,40,0,0,255,65000,0
Vossler,,20,9318,693,23,16,49,22,26,13,10,4,0,30,1260,0
Aspidochelon,,42-43,63226-63546,999,36-39,24,79-80,15-17,60-62,27-28,26-28,0,5364-5538,11,2425-2652,0
Aerieel,,12-13,3017-3033,163-167,18,12,42-43,17-18,24-25,7,7,3-5,374-378,3,395-408,0
Thalassinon,,38-39,59868-60188,999,36-39,23,79-80,14-16,56-58,24-25,25-27,0,5153-5327,10,2170-2397,0
Anubys,,38-39,19194-19314,585-599,33-35,19,69-71,23-26,57-59,21-23,23-24,9-12,1790-1961,11,1420-1507,0
Greeden,,31-32,7171-7281,163-178,22-24,10,49-50,14-15,26-27,7,5,0,1137-1230,3,675-756,0
Barmuu,,19-20,9158-9178,319-339,24-25,18,64,14,29-31,13-14,11,0,1197-1201,4,595-621,0
Bull Croc,,23-24,13968-14078,260-275,29-31,12,60-61,16-17,33-34,12,11,0,2075-2168,5,1080-1161,0
Vishno,,57-58,79249-79489,999,40-42,27-29,94,21-22,82-85,30-33,31-33,0,6848-7096,14,2135-2330,0
Gavial,,46-47,80551-80871,748-778,41-44,20,82-83,18-20,79-81,25-26,28-30,0,7847-8021,13,3105-3332,0
Etherian,,42-43,32826-33056,999,36-37,24-26,69-71,17,59-61,36-40,19-22,0,3787-3959,11,1710-1905,0
Wary Wolf,,34-35,14227-14337,254-269,33-35,20,72-73,18-19,49-50,17,20,7,2448-2541,8,975-1056,0
Melt,,48-49,61481-61711,999,41-42,27-29,74-76,18,78-80,39-43,25-28,0,6594-6766,13,2160-2355,0
Kaiser Wolf,,41-42,19455-19775,371-401,34-37,22,77-78,20-22,59-61,23-24,23-25,9,2208-2382,11,1425-1652,0
Cubus,,37-38,32386-32616,999,36-37,23-25,69-71,17,56-58,34-38,18-21,0,4092-4294,11,1620-1815,0
Lindbur Wolf,,16-17,4153-4173,117-122,23-24,14,52,15,25-26,9,7,3,591-593,3,450-466,0
Pineapple,,16-18,4668-4698,780-840,22-24,16-20,49,15,24,10,11-15,3-5,639-651,3,475-533,0
Dreadguard,,46-47,35074-35394,999,35-38,19,74-75,19-21,65-67,24-25,28-30,4,4225-4400,12,1725-1952,0
Bombshell,,60-61,76042-76202,999,47-49,43-46,85,25-26,95-97,31-32,37-41,13-15,7252-7428,16,2410-2611,0
Crypt Bunny,,45-46,21348-21668,999,32-35,25,52-53,22-24,62-64,23-24,31-33,10,1764-1938,12,1200-1427,0
Megabomb,,18-19,4668-4683,780-810,22-23,16-18,49,15,24,10,11-13,3-4,639-645,3,475-504,0
Spee,,36-37,14725-14835,999,30-32,23,60-61,20-21,48-49,18,24,7,1284-1377,9,840-921,0
Matriarch Bomb,,31-32,12156-12214,999,32-33,20-22,65,17-18,42-44,17-18,24-26,6-8,1696-1797,7,945-1034,0
Rain Dancer,,23-24,8084-8166,728-738,26-27,17,57-58,18-20,32-34,12,12-13,4-6,1426-1524,5,660-719,0
Ripe Rampager,,4-5,357-369,455-458,10,9,38-39,11-12,14-15,1-2,7,0,25-28,2,150-159,0
Razorfin,,4-5,156-157,154-158,11-12,6,33-34,14-16,12-13,6,8,0,34-38,2,36-45,0
Killbug,,44-45,28976-29216,910-917,35-37,19,72-74,21,63-65,25-28,26,0,2977-3134,12,1350-1510,0
Apsara,,37-38,23381-23501,999,33-35,22,72-74,20-23,54-56,19-21,21-22,6-9,3071-3242,9,1240-1327,0
Minibug,,46-47,16052-16292,371-378,33-35,18,72-74,22,58-60,24-27,24,0,1010-1167,12,1140-1300,0
Rageclaw,,36-37,39586-39696,585-590,36-38,16,74-75,18,60-62,24-26,19,0,4263-4352,11,1690-1764,0
Ithuno,,41-42,21101-23341,865-872,34-36,19,69-71,21,59-61,25-28,21,0,2556-2713,11,1285-1445,0
Biding Mantis,,47-48,68170-38280,715-720,40-42,19,79-80,19,78-80,28-30,26,0,5330-5419,13,2065-2139,0
Kris,,38,27515-47755,999,37-39,24-27,77-82,20-21,76-79,24-27,32-34,0,5445-5629,13,1815-2010,0
Wood Toad,,35-36,51642-51752,999,39-41,25,79-80,19-20,75-76,27,31,4,5683-5776,13,1980-2061,0
Dheed,,49-50,77420-78100,999,40-44,27-30,85-92,21-24,80-84,24-27,28-30,0,8794-8997,13,2880-3400,0
Tarasque,,37-38,27566-27886,999,34-37,22,72-73,17-19,55-57,21-22,23-25,3-5,3492-3666,10,1440-1667,0
Aeros,,23-24,12497-12837,832-922,27-30,18-20,62-67,16-18,33-36,10-12,11-13,0,2075-2201,5,960-1239,0
Grimalkin,,38-39,23101-23421,999,34-37,24,74-75,21-23,59-61,23-24,27-29,8,2430-2604,11,1570-1797,0
Terror Tyrant,,50-51,125704-126384,488-608,42-46,20-23,87-94,25-28,84-88,28-31,28-30,0,14426-14629,14,4725-5245,0
Nekhbet,,5-6,3963-3979,488-492,19,16,38-39,15-16,24-25,6,9,3-5,625-629,3,415-428,0
Abelisk,,49-50,104744-105424,468-588,41-45,20-23,85-92,23-26,82-86,26-29,26-28,0,13738-13941,13,4500-5020,0
Glaring Eye,,64-65,175195-175375,999,50-52,43-45,79,24,101-104,31-33,38-39,3,13273-13433,18,3325-3468,0
Dustia,,17-18,7266-7272,975-995,25-26,17-18,42,13,27-28,8,7,2,1098-1101,3,585-601,0
Cultsworn Lich,,20-21,7578-7584,910-930,25-26,17-18,42,14,29-30,10,13,1,1325-1328,4,655-671,0
Ishteen,,43-44,34042-34222,999,36-38,25-27,65,18,61-64,22-24,23-24,4,4101-4261,11,1855-1998,0
Evil Spirit,,61-62,121672-121852,999,50-52,42-44,77,23,99-102,29-31,35-36,2,11334-11494,17,3015-3158,0
Vorres,,49-50,63758-63938,999,41-43,28-30,72,19,80-83,245-27,29-30,4,7145-7305,13,2340-2483,0
Juggernaut,,46-47,76251-76491,999,37-39,23-25,65,17-18,66-69,27-30,30-32,0,5145-5393,12,2100-2295,0
Negalmuur,,31-32,18910-18970,999,35-36,21-23,57,15,45-47,15-16,20-21,3,2625-2718,7,1170-1228,0
Molen,,38-39,59976-60216,999,36-38,22-24,62,17-18,59-62,25-28,24-26,0,4775-5023,11,1890-2085,0
Larva Eater,,47-62,108486-108646,999,49-51,42-45,82,25-26,98-100,32-33,35-39,14-16,10425-10601,17,2770-2971,0
Tower,,59-60,136638-136878,999,42-44,26-28,72,20-21,83-86,32-35,33-35,0,8484-8732,14,2645-2840,0
Arioch,,47-48,43380-43540,999,38-40,25-28,74,21-22,75-77,27-28,31-35,9-11,5445-5621,13,1900-2101,0
Grey Molter,,34-35,21342-21452,338-353,34-36,17,69-70,19-20,50-51,18,20,6,3182-3275,8,1270-1351,0
Fideliant,,18-19,5189-5195,429-449,24-25,13-14,42,16,25-26,9,6,3,929-932,3,495-511,0
Migdardsomr,,24-25,9139-9249,234-249,29-31,14,57-58,17-18,35-36,14,12,4,1615-1708,5,880-961,0
Crystal Knight,,61-62,101390-101570,999,50-52,40-42,79,26,97-100,30-32,32-33,14,9973-10133,17,2650-2793,0
Nazarnir,,45-46,39652-39972,780-810,37-40,20,77-78,20-22,65-67,25-26,30-32,0,4409-4583,12,1800-2027,0
Grave Lord,,24-25,41316-41376,999,39-40,23-25,72,22,74-76,25-26,28-29,9,4689-4782,13,1815-1873,0
Victanir,,46-47,55114-55434,897-927,40-43,22,79-80,21-23,78-80,27-28,31-33,0,5296-5470,13,2070-2297,0
Zombie Lord,,38-39,24593-21599,999,34-35,21-22,62,19,57-58,21,22,0,2507-2510,11,1420-1436,0
Gemhorn,,45-46,42701-43121,520-525,36-38,17-19,79-81,17,65-68,22-24,26,0,4226-4389,12,1725-2001,0
Drowned,,40-41,21886-22066,999,34-36,22-24,62,19,60-63,23-25,23-24,0,2319-2479,11,1495-1638,0
Luxolid,,52-53,342179,999,43,50,62,27,89,50,53,2-3,27404,15,8340,0
Velelu,,46-47,37189-37369,999,38-40,24-26,69,20,75-78,25-27,29-30,0,3481-3641,13,1735-1878,0
Vagrant Soul,,52-53,342179,999,43,50,62,27,89,50,53,2,27404,15,8340,0
Disma,,59-60,198572-198752,999,79-81,77-79,77,25,99-102,31-33,35-36,0,7433-7593,18,2660-2803,0
Imdugud,,17-18,8302-8318,312-316,25,13,55-56,14-15,27-28,8,7,3-5,1101-1105,3,655-668,0
Ancbolder,,29-30,14022-14142,358-361,32-34,14,55-57,16,41-43,18-19,18,0,2185-2286,7,990-1069,0
Bull Chocobo,,47-48,43263-43383,999,39-41,22,79-81,23-26,79-81,24-26,29-30,10-13,4806-4977,13,1945-2032,0
Wendice,,38-39,29988-30408,585-590,36-38,17-19,50-52,19,59-62,23-25,21,0,4092-4255,11,1650-1896,0
Skullash,,37-38,51065-51745,999,39-43,21-24,77-84,18-21,62-66,27-30,24-26,0,6628-6831,11,2995-3515,0
Anchag,,29-30,30395-30515,618-621,36-38,18,65-67,19,62-64,25-26,22,0,3787-3388,11,1710-1789,0
Myath,,42-43,51065-51745,999,39-43,21-24,77-84,18-21,62-66,27-30,24-26,0,6628-6831,11,2995-3515,0
Bluesang,,42-43,30395-30815,618-623,36-38,18-20,65-67,19,62-65,25-27,22,0,3787-3950,11,1710-1986,0
Helvinek,,48-49,104752-104912,999,50-52,36-39,72,36-37,78-80,26-27,32-36,6-8,6594,13,2160-2361,0
Avenger,,61-62,105618-106038,943-948,50-52,37-39,77-79,24,99-102,32-34,32,0,10880-11043,16,2755-3031,0
Pallicant,,48-49,52376-52536,999,40-42,26-29,72,20-21,78-80,26-27,32-36,6-8,6597-6770,13,2160-2361,0
Alteci,,41-42,52281-52701,741-746,38-40,18-20,74-76,18,62-65,24-26,23,0,5364-5527,11,2565-2841,0
Phyllo,,24-25,6092-6160,293-302,27-28,15,52-53,19-21,35-37,13-14,13,4-6,652-744,5,710-760,0
Urutan Exile,,17-18,4153-4161,234-237,22-23,13-14,49-50,18,25-26,9,7,3,615-635,3,405-412,0-3
Seeq Cateran,,32-34,3770-3920,300-336,31-35,14-16,46-50,17-19,42-46,21-23,21,4-6,1481-1781,1,198-318,116-128
Seeq Thief,,36-39,5932-6652,375-495,32-41,17-23,50-56,18-24,52-61,21-27,22-25,4-7,2048-2873,1,248-794,168-198
Seek Explorer,,41-42,26778-27018,999,37-40,21-23,63-65,23-25,58-61,30-31,26-27,15-16,5001-5276,2,1188-1370,215-225
Daguza,,8,232,90,7,6,20,9,7,2,8,4,0,2,205,0
Galeedo,,6,158,80,6,8,23,8,7,3,7,2,0,2,205,0
Gwitch,,7,142,70,6,7,20,10,8,3,7,3,0,2,205,0
Urutan-Yensa,Brawl,12-15,702-718,150-156,15-17,13-15,20-31,18,20-22,9,8,3,345-385,1,68-82,23-29
Urutan-Yensa,Katana,12-15,702-718,150-156,15-17,13-15,20-31,18,20-22,9,8,3,345-385,1,68-82,23-29
Urutan-Yensa,Archer,12-15,702-718,150-156,15-17,13-15,20-31,18,21-23,9,8,3,345-385,1,68-82,24-30
Garif Adventurer,,21,7049,840,28,19,50,20,27,13,15,12,1625,2,484,51
Baknamy,Salikawood,35-36,4501-4576,805-823,31-33,14-15,50-52,20-21,46-48,19-20,25,5-6,1961-2111,1,231-291,133-139
Baknamy,Nabreus Deadlands (Brawler),43-44,8965-9205,999,33-36,16-18,59-61,23-25,62-65,25-26,32-33,7-8,2793-3068,1,347-529,247-257
Baknamy,Nabreus Deadlands (Dagger),43-44,8965-9205,999,33-36,16-18,59-61,23-25,62-65,25-26,32-33,7-8,2793-3068,1,347-529,247-257
Baknamy,Nabreus Deadlands (Gunner),43-44,8965-9205,999,33-36,16-18,59-61,23-25,24-27,25-26,32-33,7-8,2793-3068,1,347-529,148-158
Baknamy,Necrohol of Nabudis (Brawler),46-47,11338-11578,999,36-39,18-20,61-63,23-25,73-76,26-27,33-37,8-9,3596-3871,1,380-562,297-307
Baknamy,Necrohol of Nabudis (Dagger),46-47,11338-11578,999,36-39,18-20,61-63,23-25,73-76,26-27,33-37,8-9,3596-3871,1,380-562,297-307
Bangaa Thief,,40-42,6137-6617,630-710,32-38,18-22,53-57,20-24,21-27,25-27,24-26,6-8,2500-3050,2,397-661,120-140
Bangaa Pirate,,35-37,5381-5531,490-526,31-35,17-19,50-54,18-20,46-50,22-24,23-24,5-7,1961-2261,1,231-351,143-155
Bangaa Pugilist,,31-32,13825-13833,999,36-37,19-20,57-58,20,43-44,24,25,6,2961-2981,1,792-799,126-129
Imperial Swordsman,Nalbina Fortress,3-5,115-148,25-28,8-10,2-7,13-18,11-12,10-13,3-4,8,2-3,24-44,0,0,0-3
Imperial Swordsman,Nalbina Fortress,3-4,70-74,25,11-12,6,20,6-8,7-8,2-3,12,0,0,0,0,0
Imperial Swordsman,Garamsythe Waterway (A),5,210,80,13,7,20,11,11,6,7,2,0,2,76,6
Imperial Swordsman,Garamsythe Waterway (B),5,170,80,12,6,15,9,12,6,7,3,0,2,76,6
Imperial Swordsman,Garamsythe Waterway ( C ),5,180,80,13,7,18,12,11,6,7,2,0,2,76,6
Imperial Swordsman,Garamsythe Waterway (D),5,190,80,12,6,15,11,12,6,7,3,0,2,76,6
Imperial Swordsman,Nalbina Dungeons,8-9,229-237,72-75,10-11,4-5,17-18,12,12-13,3,5,5,65-85,1,27-34,8-11
Imperial Swordsman,Dreadnought Leviathan (Regular Enemy),9-10,562-570,120-123,14-15,11-12,23-24,16,16-17,6,6,3,137-157,1,42-49,8-11
Imperial Swordsman,Dreadnought Leviathan (Regular Enemy),11-12,674-682,132-135,16-17,12-13,24-25,18,17-18,8,8,3,151-171,1,46-53,8-11
Imperial Swordsman,Dreadnought Leviathan (Judge Ghis Boss Battle),10-12,615,150,15,12,32,15,18,6,7,3,285,1,53,9
Imperial Swordsman,Dreadnought Leviathan (Judge Event Boss),10-11,430,120,14,11,23,14,16,6,6,3,137,1,42,9
Imperial Swordsman,Light Cruiser Shiva,17-19,845,180,19,12,34,16,21,10,8,3,338,1,63,17
Imperial Swordsman,Draklor Laboratory,36-37,3589-3829,480-520,29-32,19-21,41-43,20-22,50-53,20-21,22-23,5-6,1164-1439,1,168-350,84-94
Imperial Swordsman,Sky Fortress Bahamut,48-50,3669-4149,660-740,33-39,22-26,48-52,22-26,67-73,26-28,30-32,7-9,1137-1687,1,231-595,133-153
Imperial Marksman,,7,264,79,10,4,19,15,7,4,6,5,65,1,27,6
Imperial Hoplite,Nalbina Dungeons,8-9,275-283,58-61,12-13,4-5,19-20,12,13-14,5,5,5,72-92,1,30-37,10-13
Imperial Hoplite,Dreadnought Leviathan,10-12,674-682,96-116,16-18,11-13,24-26,16,18-20,8,6,3,151-191,1,46-64,9-13
Imperial Hoplite,Draklor Laboratory,36-38,4308-4788,384-464,31-37,19-23,43-47,20-24,52-58,22-24,22-24,5-7,1281-1831,1,185-549,88-108
Imperial Magus,Nalbina Fortress,3-4,110-114,120-130,8-9,5-6,13-14,15,9-10,3,11,3,26-46,0,0-9,0-2
Imperial Magus,Nalbina Dungeons,6-8,197-205,180-200,9-11,8-10,15-17,12,11-13,4,6,5,65-105,1,27-45,8-12
Imperial Magus,Dreadnought (Regular Enemy),8-10,481-489,300-320,13-15,15-17,21-23,16,16-18,7,7,2,137-177,1,42-60,7-11
Imperial Magus,Dreadnought (Judges Event Boss),10,384,300,13,15,21,14,15,7,7,2,137,1,42,8
Mastiff,Dreadnought Leviathan,11-12,535-555,60-65,15-16,12,29,16,17-78,7,7,3,160-162,1,60-76,0
Mastiff,Draklor Laboratory,36-38,4464-5104,270-330,31-37,20-22,50-52,21-25,53-57,22-24,24-28,8-9,1591-1939,1,270-725,0
Mastiff,Sky Fortress Bahamut,47-49,6987-7627,330-390,34-40,23-25,53-55,22-26,68-72,27-29,31-35,9,2209-2557,1,330-785,0
Judge Ghis,Boss,14,4120,330,17,12,47,16,22,9,6,3,0,22,530,0
Judge Ghis,Trial Mode,86,123244,999,55,51,99,28,81,48,48,9,0,100,0,0
Judge ,Dreadnought Leviathan,11,2245-2445,300,18,14,44,13,20,8,7,3,0,7,53,11
Judge ,Mt. Bur-Omisace,28,3179,277,28,14,52,18,36,22,21,4,273,1,44,93
Judge ,Draklor Laboratory,39-40,4846-5086,576-616,31-34,20-22,45-47,20-22,54-57,24-25,23-24,6-7,1455-1730,1,210-392,96-106
Judge ,Sky Fortress Bahamut,49-50,4953-5196,792-832,35-38,23-25,51-53,22-24,70-73,29-30,31-32,8-9,1421-1696,1,289-471,140-150
Imperial Gunner,Dreadnought Leviathan,9,647,132,14,11,24,19,9,7,7,3,164,1,50,6
Imperial Gunner,Sky Fortress Bahamut,47-48,4219-4459,726-766,33-36,22-24,50-52,25-27,27-30,27-28,31-32,7-8,1363-1638,1,277-459,80-90
Imperial Pilot,Nalbina Dungeons,9,264,65,14,4,19,13,15,3,7,5-6,68,1,28,15
Imperial Pilot,Draklor Laboratory,37-38,4127-4367,432-472,30-33,19-21,43-45,21-23,52-55,20-21,24-25,5-6,1222-1497,1,176-358,87-97
Imperial Pilot,Sky Fortress Bahamut,49-50,4219-4939,594-714,34-43,22-28,50-56,23-29,69-78,26-29,32-35,7-10,1193-2018,1,243-789,137-167
Imperial Beastmaster,,49-50,3458-3698,999,33-36,29-31,45-47,22-24,68-71,28-29,35-36,6-7,1307-1582,1,266-448,134-144
Judge Bergan,Boss,30,17200,999,37,23,60,40,65,26,22,4,0,19,1980,0
Judge Bergan,Trial Mode,87,382348,999,67,16,99,12,99,48,48,4,0,100,0,0
Air Cutter Remora,,10,2200,50,15,7,42,15,16,8,14,0,0,0,0,0
Spinner-Rook,,47,13286,770,33,30,40,20,68,28,30,0,3631,1,380,0
Sphere-Rook,,47,10286,770,35,22,40,18,71,30,33,0,3631,1,380,0
Helm-Rook,,47,12286,770,33,25,40,20,70,29,32,0,3631,1,380,0
Rook,,38,9859,441,33,24,47,24,55,33,26,0,784,5,93,0
Gabranth,Pharos,47,64049,999,45,24,74,24,80,33,31,7,0,18,3600,0
Gabranth,Sky Fortress Bahamut,49,70719,999,45,24,77,25,82,29,32,10,0,25,4140,0
Gabranth,Trial Mode,90,343243,999,68,39,99,21,102,48,48,8,0,100,0,0
Doctor Cid,,40,72989,999,36,21,72,30,19,83,94,7,0,29,3240,0
Vayne,1st,50,76755,999,47,26,79,26,83,30,34,10,0,0,0,0
Vayne ,Novus (2nd),53,104210,999,48,30,82,23,85,34,31,0,0,0,0,0
Sephira,Red,50,12121,613,33,23,55,17,71,33,35,0,0,0,0,0
Sephira,Gold,50,12121,613,33,23,55,17,71,33,35,0,0,0,0,0
Sephira,Pale Blue,50,12121,613,33,23,55,17,71,33,35,0,0,0,0,0
Sephira,Pale Yellow,50,12121,613,33,23,55,17,71,33,35,0,0,0,0,0
Sephira,Purple,50,12121,613,33,23,55,17,71,33,35,0,0,0,0,0
Vayne,The Undying (Final Form),55,228299,999,51,35,87,23,90,38,33,0,0,0,0,0
